id;name;age
31094;Iyla Kelley;47
80405;Eric Oliver;58
44321;Camille Schmitt;38
33446;Murphy Bailey;31
93958;Kennedy Lawrence;41
15884;Kaleb Wilkerson;37
47907;Janiyah Moyer;36
39550;Ahmir Waters;25
99826;Bristol Vaughan;60
51758;Castiel Benitez;38
26905;Aliza Wade;55
45235;Jake Good;20
372;Nathalia Perry;39
54772;Waylon Copeland;34
68035;Dayana Williamson;27
63019;Emerson Woodward;47
93435;Drew Vaughan;39
76642;Castiel Carter;29
86344;Lucy Parker;39
69426;Caleb Jenkins;18
68097;Rylee O?Donnell;48
1230;Lian Rice;44
24011;Ada Hurley;34
39576;Van Dennis;21
99597;Maisie Pugh;34
68590;Judson Navarro;60
25741;Winter Walton;56
73459;Dominick Hoover;57
15570;Virginia Lopez;47
12730;Michael Patterson;48
26529;Kaylee Dodson;32
94467;Seven Schaefer;44
94512;Mavis Gibson;23
92388;Tyler Lim;48
28218;Giavanna Wilkerson;34
60893;Carmelo Molina;57
28311;Alexandria Long;34
67507;Jace Sheppard;51
92646;Veda James;26
88051;Jaxson McKee;38
62609;Kori Cummings;20
27650;Raiden Vega;46
13641;Dakota Hobbs;21
11494;Brendan Decker;28
18607;Aleena Wyatt;54
89862;Sam Doyle;22
59912;Annalise Sawyer;45
14833;Jefferson Morales;28
44680;Skylar Brown;27
79919;Elijah Garcia;27
85621;Amelia Bennett;40
23375;Leonardo Portillo;30
88598;Nathalie Madden;26
57646;Everest Barr;49
55225;Noemi Robertson;49
84705;Emiliano McDaniel;26
2869;Dahlia Potts;20
70060;Alfred Owen;18
64897;Mikayla Richards;49
66297;Holden Saunders;54
84466;Meadow Moyer;27
55423;Ahmir Bernal;29
60032;Emmeline Stein;48
79859;Creed Holt;44
3467;Adelynn Wong;58
78343;Walter Kaur;49
95659;Holland Yates;43
56014;Braylon Miranda;26
87756;Amina Blair;51
17694;Troy Patrick;52
18175;Lyra Morrow;32
39397;Kyree Booth;40
92298;Zariyah Kelly;19
16199;Cooper Howe;53
40536;Persephone Robbins;46
55467;Finnegan Rivers;35
85063;Kiana Simpson;29
33703;Elliott Dunn;44
48303;Olive Hail;22
24414;Hector Strickland;21
30612;Nia Ballard;38
82558;Kenzo Barr;27
4933;Noemi Castillo;58
34537;Kai Greene;47
83440;Selena Castaneda;18
85011;Collin Michael;22
97826;Aubriella Howell;30
3008;Bradley Hudson;22
43638;Kamila Robertson;60
21456;Emiliano Burnett;47
60586;Emberly Roach;40
96859;Caspian Gardner;45
64457;Jordyn McDaniel;30
7101;Major Colon;58
34757;Remy Walls;41
46155;Larry Stokes;46
5166;Miranda Kent;23
97371;Mekhi Wise;37
48217;Mira Anderson;58
77693;Jacob Fields;45
13872;Annie Dawson;59
10905;Iker Goodwin;30
51193;Shiloh Campbell;20
32031;Christopher Eaton;48
11233;Miley Miles;40
16225;Jared Odom;34
59746;Laylani Arnold;21
16978;Abraham Snyder;24
76184;Callie David;60
82119;Alonso Kelly;56
88152;Ruby Kaur;46
79472;Augustine Garza;25
16546;River Luna;49
71917;Erick Faulkner;37
21982;Ansley Trujillo;33
62906;Apollo Bell;33
56283;Melody Stevens;23
72789;Zachary Palacios;55
77359;Bria Zuniga;26
78150;Sincere Pacheco;26
27073;Paris Patterson;50
23943;Amir Suarez;41
29397;Jimena Hurst;30
15097;Neil Garza;53
25273;River Person;42
5064;Moses Klein;25
25972;Elianna Rosas;21
9835;Remi Carrillo;38
49143;Kaylani Reed;39
56627;Easton McClain;38
14381;Marleigh McKenzie;57
84587;Scott Prince;22
96681;Greta Lane;59
90386;Matias Johnston;50
87048;Laila Hendricks;46
98805;Dash Church;58
26957;Ayleen Valencia;30
93395;Dax Francis;47
6567;Daniella Nelson;47
74502;Dylan Snow;43
63548;Alexia Sampson;33
49594;Cain Marshall;41
1405;Adalyn Paul;32
41107;Noel Henry;38
20350;Summer Cunningham;44
14174;Alejandro Christensen;50
16208;Carmen Chen;56
24624;Emmanuel Luna;49
48784;Journey Berger;49
38042;Byron Park;27
2621;Lia Park;43
12362;Daxton Vance;30
23459;Maxine Gould;30
31439;Blaine Vaughan;33
54366;Nancy Burns;57
35169;August Woods;43
70760;Reese Boyd;58
77130;Dean Galindo;45
46740;Corinne Farley;33
89119;Graysen Harvey;46
68701;Nicole Owen;19
67029;Cannon Montoya;54
81185;Kamryn Santos;44
19566;Walker Anderson;54
23378;Ella Phan;56
70051;Maison Velez;27
40144;Megan O?Neill;19
4271;Marcel Curry;55
76915;Alison Cortes;37
26252;Banks Giles;59
899;Bailee Hunt;22
7346;Jesus Washington;44
6718;Valerie Bean;33
2345;Mccoy Atkinson;33
69597;Jazmin Carroll;22
89771;Oscar Ross;36
60226;Peyton Wilkinson;37
16279;Leonard Vasquez;41
71662;Rose Lim;51
71913;Cal Shields;33
23113;Analia Cruz;43
31765;Ryan Gould;33
80382;Violeta Schmidt;27
76081;Zayden Trevino;58
14451;Priscilla Castaneda;45
2037;Collin Maxwell;43
70542;Kyla Chavez;22
56713;Ian Gaines;57
19075;Aya Stout;29
94636;Callahan Barnes;51
12420;Liliana Espinosa;32
8955;Khalid Wallace;53
85824;Arianna Rios;35
43085;Israel Weber;49
74028;Alayah Rivas;56
91661;Damon Lin;58
38750;Makenna Flores;41
5819;Lincoln Golden;57
15263;Giuliana Caldwell;42
51169;Rylan Gutierrez;18
3679;Savannah Rush;20
39363;Kaiser Newman;45
3846;Oaklynn Sherman;19
43562;Adan Potts;30
48325;Ellison Hurley;21
20181;Van Dalton;56
1781;Lilian Alvarado;23
97232;Andres Spencer;36
52676;Alyssa Cortez;27
93510;Zayn Mayo;32
87714;Aarya Morris;59
75560;Christian Schroeder;35
90002;Cameron Carey;36
77216;Watson Reyes;58
5926;Audrey McGuire;58
48990;Casey Ahmed;35
15090;Jolie Bonilla;21
46845;Aden Ballard;47
83884;Alejandra Steele;58
27927;Elian Saunders;55
69897;Meadow Leonard;26
48081;Ricardo Chang;52
92554;Ophelia Wheeler;45
30858;Kenneth Welch;58
23186;Amira Best;48
37093;Harlem Luna;56
89294;Journey Blackburn;18
24684;Zahir Jacobs;57
28737;Camilla Liu;18
24348;Pedro Roberson;25
56905;Sasha Orr;56
77928;Benicio Weiss;33
21870;Lennox Krueger;22
11598;Jones Carr;31
23485;Rowan Singleton;59
36384;Landyn Blevins;25
63400;Aila Potts;44
573;Alfred Arias;44
9835;Aleah Boyer;57
76948;Zeke Conrad;42
71862;Bexley Wise;26
98946;Frederick Roberts;29
44780;Paisley Calderon;19
8390;Oakley Burke;35
10411;Vera Skinner;48
85818;Ridge Vang;42
76647;Madisyn Lynn;21
81760;Zechariah Cook;56
87497;Aaliyah Kennedy;21
50867;Maxwell Greene;51
51286;Selena Ramsey;34
53533;Luciano Armstrong;29
92940;Presley Quintana;41
1957;Kelvin Hoffman;43
46169;Aspen Beard;58
39029;Nathanael Landry;32
63217;Brynleigh Barry;31
75570;Emery Gomez;31
91313;Natalie Rush;53
46492;Kaiser Church;47
92375;Ayleen McCoy;37
23372;Jett Randolph;56
25342;Kailey Petersen;41
10505;Samson Patel;40
25575;Madeline Lloyd;25
74435;Zaire Erickson;45
51305;Sabrina Chung;28
35698;Ira Barnett;39
79356;Harlow Holt;49
61885;Niko Powers;19
6062;Michelle Golden;56
78272;Amias Baldwin;40
88656;Esmeralda Sandoval;25
26426;Brantley Escobar;28
48114;Erin Petersen;52
83045;Samson Kelley;60
51381;Rosalie Hanna;51
64422;Aydin Bruce;36
55957;Marilyn Gentry;37
51156;Magnus Nava;53
57334;Scout Dillon;23
13790;Alvin Contreras;39
11810;Daniela Miranda;57
33683;Rory Short;26
27511;Cheyenne Villanueva;31
66863;Huxley Bradshaw;60
82968;Berkley Valencia;42
80493;Dax Cameron;20
28278;Julie Willis;51
74831;Remington Hill;52
44640;Hannah Williamson;42
8578;Emerson Garrett;53
57222;Tessa Wolfe;22
24351;Donovan Dunlap;19
848;Iliana Erickson;49
31288;Johnny Roberson;48
75396;Sasha Nelson;28
69548;Dylan Dean;34
2009;Julianna Petersen;30
66885;Samson Duran;46
17006;Willa Cardenas;30
53507;Johnathan Heath;46
56978;Amani Soto;44
71949;Barrett Sawyer;57
54002;Marina Pennington;40
73015;Bobby Goodwin;52
29752;Shiloh Moses;19
23945;Niklaus Little;20
62001;Harley Baker;20
59472;Ezra Novak;40
52355;Kaiya Bradley;32
73437;Richard Glenn;19
85056;Blaire Alvarado;60
79973;Andres Pierce;59
34427;Arabella Villa;26
35203;Clay Bullock;34
62204;Winnie Olson;26
25243;Malachi Shah;58
85009;Angelica Vaughn;55
7993;Remy Jefferson;47
41849;Julieta Quintero;60
20222;Thatcher Boyer;35
67084;Chaya Padilla;54
54537;Jaden Cortes;35
25682;Lea Hendrix;37
34024;Korbyn Lawrence;41
25193;Lauren Calderon;46
11239;Oakley Pittman;46
87775;Marie Roth;45
53087;Roy Campos;51
10101;Sutton Potts;37
24617;Alfred Reilly;34
29436;Tori Suarez;53
85213;Soren McCarthy;49
61570;Kira Pena;26
40823;Marcus Schneider;57
80579;Delaney Zhang;37
80956;Isaias Lu;46
33286;Emani Andersen;30
44118;Alistair Combs;30
38276;Irene Morton;19
40506;Roland Wilkinson;18
77105;Siena Chung;54
5489;Ira Ingram;19
66579;Katie Faulkner;23
31103;Jabari Paul;58
21382;Daphne Montoya;26
50196;Ford Erickson;58
31571;Sabrina Patterson;58
61501;Amir Shields;26
71294;Analia Weaver;52
98662;Tucker Liu;58
77244;Kate Best;55
29025;Harlem Terry;55
28263;Wren Rojas;23
27298;Colin Snow;27
78637;Alexia Banks;27
20001;Martin Estrada;37
98238;Sawyer Castro;51
82576;Jasper Anderson;33
68500;Ella Jones;46
99624;William Marshall;59
55595;Adalyn Daniel;60
66704;Grady Gilmore;49
38600;Chanel Brady;22
64826;Reed Yu;22
90238;Navy Potter;20
22874;Lucca Maxwell;37
74354;Kyla Farmer;33
30659;Jamison Dodson;32
1839;Etta Hanna;41
81874;Aydin Hebert;55
81013;Kyleigh Gordon;41
24693;Karter Alvarez;27
83848;Leilani Powell;37
5653;Bennett Morales;31
63529;Skylar Esparza;20
11659;Carl Walker;50
55242;Hazel House;18
41102;Yehuda Daugherty;55
39938;Magdalena Gates;52
40669;Ermias Moran;37
80293;Celeste Morales;31
96838;Aaron Powell;59
24593;Vivian Stanley;20
37365;Manuel Lester;29
80676;Averi Roberts;29
98462;Josiah Carey;37
1199;Alora Sherman;31
74772;Adan Cordova;43
43658;Florence Munoz;34
69241;Justin Yoder;51
22946;Emerie Beard;35
30018;Nathanael Xiong;47
31058;Amayah Peck;42
38344;Yousef McClure;37
56308;Estella Burke;53
98231;Jax Ellis;27
15508;Ayla Strong;39
26331;Axl Correa;43
61182;Valery Horn;56
44603;Wilson Manning;50
53198;Jennifer Todd;43
73306;Baylor Quintero;30
78375;Keyla Gentry;21
32521;Magnus Hinton;56
90721;Jaelynn Dominguez;24
89124;Kaden Friedman;20
3895;Aspyn Carey;32
21117;Watson Mueller;21
94393;Imani Brewer;25
97600;Cruz Macdonald;18
72572;Rosalia Allison;29
88993;Dennis Greer;53
72064;Reina Wheeler;31
80822;Kenneth Duffy;43
75893;Addisyn Kerr;43
77296;Louie Buchanan;22
45953;Maryam Parker;37
72784;Caleb Harvey;38
32559;Nicole Benjamin;43
61008;Kyro Kane;33
32523;Ellianna Wong;41
69553;Walter Marin;52
39855;Celia Delarosa;41
63943;Osiris Petersen;38
34312;Fernanda Huynh;45
63693;Layton Stanley;21
16793;Gracelyn Sanford;44
14780;Truett Lloyd;58
71347;Emely Hodge;29
14476;Reign Paul;60
10246;Daphne Whitney;22
19954;Jeffery Elliott;44
60949;Noelle Buck;53
14157;Jon Sullivan;27
85125;Melanie Schwartz;60
29779;Edwin Tran;55
39917;Kylie Medrano;34
87460;Arian Magana;27
59554;Amaris Duke;27
94332;Kalel Morrison;46
50062;Rebecca Petersen;46
67682;Samson Macdonald;19
86238;Rosalia Flynn;25
57596;Kannon Davis;45
50240;Mia Moses;39
60337;Niklaus McKinney;22
48578;Gwendolyn Dorsey;27
35329;Enoch Shepherd;58
2474;Katalina Gibson;53
94051;Tyler Morrison;26
73597;Rebecca Ball;28
10706;Shane Byrd;34
6727;Giselle Bell;47
63962;Emmett Carroll;60
34426;Zara Hawkins;18
32162;Victor Mayo;45
25754;Aarya Brennan;32
15615;Curtis Lim;32
53826;Giavanna Rogers;23
97903;Colton Hoover;22
40546;Virginia Miranda;59
94598;Rory Blankenship;25
43616;Rosalee Nixon;41
21558;Cory Quintero;18
77693;Keyla Hinton;24
46320;Frankie Hill;52
19501;Hannah Griffin;43
78756;Ayden Woodward;25
5415;Drew Dickerson;19
36360;Flynn Sandoval;33
34510;Elsie Pearson;22
21248;Gunner Beck;20
1905;Gia Torres;55
45112;Jayden Hodge;22
37636;Coraline Charles;51
2661;Conrad Lester;19
57984;Averi Cortez;19
99876;Zayn Mejia;45
37157;Saylor Dixon;37
48432;Camden Howard;52
48519;Sophie Cannon;50
52983;Archie Moon;25
34723;Naya McPherson;38
47968;Foster Bernard;48
214;Barbara Stevens;29
64654;Zachary Daniel;26
41759;Joy Black;30
7768;Matteo Faulkner;25
78485;Ansley Mayer;23
45775;Yahir Wilkinson;41
92403;Siena Hensley;25
87822;Layne Zamora;32
49860;Sierra Zimmerman;34
23195;Sergio O?Connor;21
50615;Charli Anderson;20
24627;Jacob Stevenson;60
12665;Regina Sanford;55
7391;Truett Schneider;51
59417;Delaney Moses;51
48533;Niklaus Nguyen;32
60796;Nova Guerra;30
57078;Leland Nolan;58
30888;Itzayana Becker;42
52483;Lawson Gutierrez;56
15345;Savannah Lin;34
76405;Conor Logan;44
12404;Kora Bradshaw;47
9540;Emory Odom;37
59619;Laylani Gilbert;44
68468;Tobias Beasley;54
88645;Jaylah Melton;47
807;Lennon Cardenas;54
76388;Raven Miller;31
61348;Benjamin McPherson;28
31231;Emmaline Le;35
53427;Damien Villanueva;43
36902;Monroe Kerr;24
80031;Louie Buck;47
24279;Livia Murray;25
70930;Ashton Dillon;20
45475;Laurel Clayton;53
46631;Boston Cain;56
45775;Kendra Burton;53
91340;Zander Beasley;28
85473;Jaylah Bates;50
92719;Ellis Garner;37
49419;Jacqueline Shaw;47
59782;Elliot Mercado;28
60569;Mckinley Barrett;55
69776;Angelo Koch;45
88514;Milana Bates;37
66858;Ellis Preston;57
35025;Indie Phelps;42
34397;Hamza Fry;38
51002;Clarissa Kent;36
86919;Mekhi McKay;50
28073;Leanna Wiley;47
32921;Mathew Lim;35
7560;Giavanna Dawson;24
97760;Iker Parks;50
53138;Ainsley Bowen;60
57618;Trevor Cunningham;58
6226;Marley Hale;37
64536;Ezequiel Hawkins;32
87277;Ariel Marquez;26
36104;Malakai Cano;30
38824;Egypt Strickland;36
71716;Keegan Barber;46
98450;Cassidy McBride;19
62417;Denver Evans;39
93572;Eliana Dudley;43
96169;Colter Ross;29
8485;Peyton Huffman;24
21153;Chris Hubbard;34
21123;Rosie Russo;25
51714;Jamie Russo;42
55347;Tinsley Hicks;38
62708;Maddox Massey;45
