name;id;email
Alice Johnson;2576;alice.johnson@example.com
Bob Smith;8902;bob.smith@example.com
Clara Davis;4319;clara.davis@example.com
David White;7652;david.white@example.com
Emma Harris;1987;emma.harris@example.com
Frank Brown;5236;frank.brown@example.com
Grace Miller;6743;grace.miller@example.com
Henry Wilson;9812;henry.wilson@example.com
Isabella Lee;3415;isabella.lee@example.com
Jack Turner;5768;jack.turner@example.com
Karen Moore;1247;karen.moore@example.com
Liam Hall;8934;liam.hall@example.com
Megan Clark;6321;megan.clark@example.com
Nathan Adams;4501;nathan.adams@example.com
Olivia Hill;3178;olivia.hill@example.com
Peter Allen;7956;peter.allen@example.com
Quinn Turner;2087;quinn.turner@example.com
Rachel Bell;6092;rachel.bell@example.com
Sam Taylor;8576;sam.taylor@example.com
Taylor Scott;1485;taylor.scott@example.com
Victor Lewis;7543;victor.lewis@example.com
Sophia Turner;3629;sophia.turner@example.com
Benjamin Davis;5231;benjamin.davis@example.com
Ava Smith;9162;ava.smith@example.com
Matthew Johnson;1754;matthew.johnson@example.com
Emily Harris;6231;emily.harris@example.com
James Wilson;4316;james.wilson@example.com
Olivia Brown;7985;olivia.brown@example.com
Lucas Moore;2176;lucas.moore@example.com
Sophia Adams;8912;sophia.adams@example.com
Daniel Taylor;5692;daniel.taylor@example.com
Emma White;3294;emma.white@example.com
Logan Clark;7456;logan.clark@example.com
Mia Hill;4169;mia.hill@example.com
Ethan Scott;6832;ethan.scott@example.com
Aria Hall;9021;aria.hall@example.com
Jackson Bell;3145;jackson.bell@example.com
Ava Lewis;6589;ava.lewis@example.com
Liam Turner;1423;liam.turner@example.com
Olivia Turner;5967;olivia.turner@example.com
Lucas Allen;2819;lucas.allen@example.com
Sophia Harris;4398;sophia.harris@example.com
Benjamin Moore;6702;benjamin.moore@example.com
Emily Davis;8102;emily.davis@example.com
Daniel Smith;1956;daniel.smith@example.com
Emma Wilson;8473;emma.wilson@example.com
Aria Clark;5012;aria.clark@example.com
Jackson White;6327;jackson.white@example.com
Mia Adams;3489;mia.adams@example.com
Ethan Brown;9087;ethan.brown@example.com
Ava Hall;4758;ava.hall@example.com
Logan Taylor;7632;logan.taylor@example.com
Grace Turner;2145;grace.turner@example.com
Henry Lewis;6890;henry.lewis@example.com
Isabella Moore;3174;isabella.moore@example.com
Jack Harris;5912;jack.harris@example.com
Karen Turner;8365;karen.turner@example.com
Liam Davis;1497;liam.davis@example.com
Megan Wilson;4926;megan.wilson@example.com
Nathan Clark;7518;nathan.clark@example.com
Olivia Smith;3621;olivia.smith@example.com
Peter Adams;9054;peter.adams@example.com
Quinn White;2389;quinn.white@example.com
Rachel Brown;6745;rachel.brown@example.com
Samuel Turner;4502;samuel.turner@example.com
Taylor Hall;8172;taylor.hall@example.com
Victor Moore;5892;victor.moore@example.com
Sophia Allen;1234;sophia.allen@example.com
Benjamin Taylor;7890;benjamin.taylor@example.com
Ava Davis;5401;ava.davis@example.com
Matthew Smith;6821;matthew.smith@example.com
Emily Turner;4965;emily.turner@example.com
James Moore;3176;james.moore@example.com
Olivia Hall;9582;olivia.hall@example.com
Lucas Clark;2649;lucas.clark@example.com
Sophia Harris;5087;sophia.harris@example.com
Daniel Turner;7102;daniel.turner@example.com
Emma Brown;3297;emma.brown@example.com
Ethan Adams;6152;ethan.adams@example.com
Aria Wilson;8743;aria.wilson@example.com
