name;id
Giavanna Rivers;263033
Bear Hancock;983087
Katelyn Dougherty;377667
Brett Krueger;937732
Kamari Russell;907671
Weston Mayo;127689
Aarya Pearson;459836
Gunner Young;572896
Zoey Brown;490530
Elijah Rocha;384503
Emmie Richardson;787877
Robert Fitzpatrick;130668
Annabella Ford;679221
Luis York;72126
Milan Duncan;88704
Avery Shaw;948861
Emersyn Yates;881763
Braylon Branch;715658
Luisa Benton;546558
Jamal Boone;139627
Mariam Guevara;827224
Tommy West;926402
Remi Velez;707478
Kareem Short;886098
Cheyenne Harris;618424
Samuel O?Connor;394528
Charli Matthews;69762
Preston Khan;471683
Mabel Poole;480273
Quincy O?Connor;346910
Charli Fletcher;802621
Jay Schaefer;213404
Mavis Harrison;14203
Gavin Cunningham;239476
Marley Bates;158893
Ellis Shields;588961
Analia Wiley;460670
Mathew Harrington;933108
Legacy Walter;251624
Lochlan Tate;30927
Skye Lu;292230
Duncan White;829752
Layla Sosa;758064
Emir Leonard;231587
Demi Peralta;459248
Dangelo Todd;11068
Zariah Acevedo;382934
Dakari Dyer;504797
Estrella Dougherty;693076
Brett Wu;277031
Liana Reynolds;396792
Vincent Lane;314358
Amy Castro;63613
Jasper Contreras;682537
Daniela Ware;370460
Tadeo Gilmore;328154
Chanel Lin;648625
Conor Compton;550609
Elina Reilly;176393
Alvaro Silva;611541
Lucia Wise;269492
Frederick Bishop;23699
Brooklynn Johnson;15640
Noah Goodman;658180
Carolina Marks;754065
Amos Hughes;249502
Samantha Griffith;255876
Franklin Jensen;846495
Jane Jordan;881453
Sawyer Gibson;964260
Eden Harvey;95832
Cayden Rivers;969155
Kiana Le;644194
Damien Ventura;786912
Zora Richmond;975750
Mordechai Strong;630750
Margo Norton;290336
Callen Murphy;918428
Bella Arellano;117327
Kellan Barry;676764
Waverly Donaldson;546619
Canaan Conway;721683
Ryann McClure;950064
Reese Dodson;965753
Etta Lucero;814151
Felipe Grimes;200597
Braelyn Meadows;944038
Wayne Delgado;348795
Alani Doyle;465765
Kashton Henderson;92402
Maria Harrell;243225
Nelson Durham;887157
Tiffany Herman;415059
Juelz Stephens;452471
Millie Evans;904578
Elias Byrd;44221
Giselle Quintana;515882
Kelvin Macias;303956
Adley McLean;189705
Crosby Flynn;764772
Iyla Kelley;31094
Eric Oliver;80405
Camille Schmitt;44321
Murphy Bailey;33446
Kennedy Lawrence;93958
Kaleb Wilkerson;15884
Janiyah Moyer;47907
Ahmir Waters;39550
Bristol Vaughan;99826
Castiel Benitez;51758
Aliza Wade;26905
Jake Good;45235
Nathalia Perry;372
Waylon Copeland;54772
Dayana Williamson;68035
Emerson Woodward;63019
Drew Vaughan;93435
Castiel Carter;76642
Lucy Parker;86344
Caleb Jenkins;69426
Rylee O?Donnell;68097
Lian Rice;1230
Ada Hurley;24011
Van Dennis;39576
Maisie Pugh;99597
Judson Navarro;68590
Winter Walton;25741
Dominick Hoover;73459
Virginia Lopez;15570
Michael Patterson;12730
Kaylee Dodson;26529
Seven Schaefer;94467
Mavis Gibson;94512
Tyler Lim;92388
Giavanna Wilkerson;28218
Carmelo Molina;60893
Alexandria Long;28311
Jace Sheppard;67507
Veda James;92646
Jaxson McKee;88051
Kori Cummings;62609
Raiden Vega;27650
Dakota Hobbs;13641
Brendan Decker;11494
Aleena Wyatt;18607
Sam Doyle;89862
Annalise Sawyer;59912
Jefferson Morales;14833
Skylar Brown;44680
Elijah Garcia;79919
Amelia Bennett;85621
Leonardo Portillo;23375
Nathalie Madden;88598
Everest Barr;57646
Noemi Robertson;55225
Emiliano McDaniel;84705
Dahlia Potts;2869
Alfred Owen;70060
Mikayla Richards;64897
Holden Saunders;66297
Meadow Moyer;84466
Ahmir Bernal;55423
Emmeline Stein;60032
Creed Holt;79859
Adelynn Wong;3467
Walter Kaur;78343
Holland Yates;95659
Braylon Miranda;56014
Amina Blair;87756
Troy Patrick;17694
Lyra Morrow;18175
Kyree Booth;39397
Zariyah Kelly;92298
Cooper Howe;16199
Persephone Robbins;40536
Finnegan Rivers;55467
Kiana Simpson;85063
Elliott Dunn;33703
Olive Hail;48303
Hector Strickland;24414
Nia Ballard;30612
Kenzo Barr;82558
Noemi Castillo;4933
Kai Greene;34537
Selena Castaneda;83440
Collin Michael;85011
Aubriella Howell;97826
Bradley Hudson;3008
Kamila Robertson;43638
Emiliano Burnett;21456
Emberly Roach;60586
Caspian Gardner;96859
Jordyn McDaniel;64457
Major Colon;7101
Remy Walls;34757
Larry Stokes;46155
Miranda Kent;5166
Mekhi Wise;97371
Mira Anderson;48217
Jacob Fields;77693
Annie Dawson;13872
Iker Goodwin;10905
Shiloh Campbell;51193
Christopher Eaton;32031
Miley Miles;11233
Jared Odom;16225
Laylani Arnold;59746
Abraham Snyder;16978
Callie David;76184
Alonso Kelly;82119
Ruby Kaur;88152
Augustine Garza;79472
River Luna;16546
Erick Faulkner;71917
Ansley Trujillo;21982
Apollo Bell;62906
Melody Stevens;56283
Zachary Palacios;72789
Bria Zuniga;77359
Sincere Pacheco;78150
Paris Patterson;27073
Amir Suarez;23943
Jimena Hurst;29397
Neil Garza;15097
River Person;25273
Moses Klein;5064
Elianna Rosas;25972
Remi Carrillo;9835
Kaylani Reed;49143
Easton McClain;56627
Marleigh McKenzie;14381
Scott Prince;84587
Greta Lane;96681
Matias Johnston;90386
Laila Hendricks;87048
Dash Church;98805
Ayleen Valencia;26957
Dax Francis;93395
Daniella Nelson;6567
Dylan Snow;74502
Alexia Sampson;63548
Cain Marshall;49594
Adalyn Paul;1405
Noel Henry;41107
Summer Cunningham;20350
Alejandro Christensen;14174
Carmen Chen;16208
Emmanuel Luna;24624
Journey Berger;48784
Byron Park;38042
Lia Park;2621
Daxton Vance;12362
Maxine Gould;23459
Blaine Vaughan;31439
Nancy Burns;54366
August Woods;35169
Reese Boyd;70760
Dean Galindo;77130
Corinne Farley;46740
Graysen Harvey;89119
Nicole Owen;68701
Cannon Montoya;67029
Kamryn Santos;81185
Walker Anderson;19566
Ella Phan;23378
Maison Velez;70051
Megan O?Neill;40144
Marcel Curry;4271
Alison Cortes;76915
Banks Giles;26252
Bailee Hunt;899
Jesus Washington;7346
Valerie Bean;6718
Mccoy Atkinson;2345
Jazmin Carroll;69597
Oscar Ross;89771
Peyton Wilkinson;60226
Leonard Vasquez;16279
Rose Lim;71662
Cal Shields;71913
Analia Cruz;23113
Ryan Gould;31765
Violeta Schmidt;80382
Zayden Trevino;76081
Priscilla Castaneda;14451
Collin Maxwell;2037
Kyla Chavez;70542
Ian Gaines;56713
Aya Stout;19075
Callahan Barnes;94636
Liliana Espinosa;12420
Khalid Wallace;8955
Arianna Rios;85824
Israel Weber;43085
Alayah Rivas;74028
Damon Lin;91661
Makenna Flores;38750
Lincoln Golden;5819
Giuliana Caldwell;15263
Rylan Gutierrez;51169
Savannah Rush;3679
Kaiser Newman;39363
Oaklynn Sherman;3846
Adan Potts;43562
Ellison Hurley;48325
Van Dalton;20181
Lilian Alvarado;1781
Andres Spencer;97232
Alyssa Cortez;52676
Zayn Mayo;93510
Aarya Morris;87714
Christian Schroeder;75560
Cameron Carey;90002
Watson Reyes;77216
Audrey McGuire;5926
Casey Ahmed;48990
Jolie Bonilla;15090
Aden Ballard;46845
Alejandra Steele;83884
Elian Saunders;27927
Meadow Leonard;69897
Ricardo Chang;48081
Ophelia Wheeler;92554
Kenneth Welch;30858
Amira Best;23186
Harlem Luna;37093
Journey Blackburn;89294
Zahir Jacobs;24684
Camilla Liu;28737
Pedro Roberson;24348
Sasha Orr;56905
Benicio Weiss;77928
Lennox Krueger;21870
Jones Carr;11598
Rowan Singleton;23485
Landyn Blevins;36384
Aila Potts;63400
Alfred Arias;573
Aleah Boyer;9835
Zeke Conrad;76948
Bexley Wise;71862
Frederick Roberts;98946
Paisley Calderon;44780
Oakley Burke;8390
Vera Skinner;10411
Ridge Vang;85818
Madisyn Lynn;76647
Zechariah Cook;81760
Aaliyah Kennedy;87497
Maxwell Greene;50867
Selena Ramsey;51286
Luciano Armstrong;53533
Presley Quintana;92940
Kelvin Hoffman;1957
Aspen Beard;46169
Nathanael Landry;39029
Brynleigh Barry;63217
Emery Gomez;75570
Natalie Rush;91313
Kaiser Church;46492
Ayleen McCoy;92375
Jett Randolph;23372
Kailey Petersen;25342
Samson Patel;10505
Madeline Lloyd;25575
Zaire Erickson;74435
Sabrina Chung;51305
Ira Barnett;35698
Harlow Holt;79356
Niko Powers;61885
Michelle Golden;6062
Amias Baldwin;78272
Esmeralda Sandoval;88656
Brantley Escobar;26426
Erin Petersen;48114
Samson Kelley;83045
Rosalie Hanna;51381
Aydin Bruce;64422
Marilyn Gentry;55957
Magnus Nava;51156
Scout Dillon;57334
Alvin Contreras;13790
Daniela Miranda;11810
Rory Short;33683
Cheyenne Villanueva;27511
Huxley Bradshaw;66863
Berkley Valencia;82968
Dax Cameron;80493
Julie Willis;28278
Remington Hill;74831
Hannah Williamson;44640
Emerson Garrett;8578
Tessa Wolfe;57222
Donovan Dunlap;24351
Iliana Erickson;848
Johnny Roberson;31288
Sasha Nelson;75396
Dylan Dean;69548
Julianna Petersen;2009
Samson Duran;66885
Willa Cardenas;17006
Johnathan Heath;53507
Amani Soto;56978
Barrett Sawyer;71949
Marina Pennington;54002
Bobby Goodwin;73015
Shiloh Moses;29752
Niklaus Little;23945
Harley Baker;62001
Ezra Novak;59472
Kaiya Bradley;52355
Richard Glenn;73437
Blaire Alvarado;85056
Andres Pierce;79973
Arabella Villa;34427
Clay Bullock;35203
Winnie Olson;62204
Malachi Shah;25243
Angelica Vaughn;85009
Remy Jefferson;7993
Julieta Quintero;41849
Thatcher Boyer;20222
Chaya Padilla;67084
Jaden Cortes;54537
Lea Hendrix;25682
Korbyn Lawrence;34024
Lauren Calderon;25193
Oakley Pittman;11239
Marie Roth;87775
Roy Campos;53087
Sutton Potts;10101
Alfred Reilly;24617
Tori Suarez;29436
Soren McCarthy;85213
Kira Pena;61570
Marcus Schneider;40823
Delaney Zhang;80579
Isaias Lu;80956
Emani Andersen;33286
Alistair Combs;44118
Irene Morton;38276
Roland Wilkinson;40506
Siena Chung;77105
Ira Ingram;5489
Katie Faulkner;66579
Jabari Paul;31103
Daphne Montoya;21382
Ford Erickson;50196
Sabrina Patterson;31571
Amir Shields;61501
Analia Weaver;71294
Tucker Liu;98662
Kate Best;77244
Harlem Terry;29025
Wren Rojas;28263
Colin Snow;27298
Alexia Banks;78637
Martin Estrada;20001
Sawyer Castro;98238
Jasper Anderson;82576
Ella Jones;68500
William Marshall;99624
Adalyn Daniel;55595
Grady Gilmore;66704
Chanel Brady;38600
Reed Yu;64826
Navy Potter;90238
Lucca Maxwell;22874
Kyla Farmer;74354
Jamison Dodson;30659
Etta Hanna;1839
Aydin Hebert;81874
Kyleigh Gordon;81013
Karter Alvarez;24693
Leilani Powell;83848
Bennett Morales;5653
Skylar Esparza;63529
Carl Walker;11659
Hazel House;55242
Yehuda Daugherty;41102
Magdalena Gates;39938
Ermias Moran;40669
Celeste Morales;80293
Aaron Powell;96838
Vivian Stanley;24593
Manuel Lester;37365
Averi Roberts;80676
Josiah Carey;98462
Alora Sherman;1199
Adan Cordova;74772
Florence Munoz;43658
Justin Yoder;69241
Emerie Beard;22946
Nathanael Xiong;30018
Amayah Peck;31058
Yousef McClure;38344
Estella Burke;56308
Jax Ellis;98231
Ayla Strong;15508
Axl Correa;26331
Valery Horn;61182
Wilson Manning;44603
Jennifer Todd;53198
Baylor Quintero;73306
Keyla Gentry;78375
Magnus Hinton;32521
Jaelynn Dominguez;90721
Kaden Friedman;89124
Aspyn Carey;3895
Watson Mueller;21117
Imani Brewer;94393
Cruz Macdonald;97600
Rosalia Allison;72572
Dennis Greer;88993
Reina Wheeler;72064
Kenneth Duffy;80822
Addisyn Kerr;75893
Louie Buchanan;77296
Maryam Parker;45953
Caleb Harvey;72784
Nicole Benjamin;32559
Kyro Kane;61008
Ellianna Wong;32523
Walter Marin;69553
Celia Delarosa;39855
Osiris Petersen;63943
Fernanda Huynh;34312
Layton Stanley;63693
Gracelyn Sanford;16793
Truett Lloyd;14780
Emely Hodge;71347
Reign Paul;14476
Daphne Whitney;10246
Jeffery Elliott;19954
Noelle Buck;60949
Jon Sullivan;14157
Melanie Schwartz;85125
Edwin Tran;29779
Kylie Medrano;39917
Arian Magana;87460
Amaris Duke;59554
Kalel Morrison;94332
Rebecca Petersen;50062
Samson Macdonald;67682
Rosalia Flynn;86238
Kannon Davis;57596
Mia Moses;50240
Niklaus McKinney;60337
Gwendolyn Dorsey;48578
Enoch Shepherd;35329
Katalina Gibson;2474
Tyler Morrison;94051
Rebecca Ball;73597
Shane Byrd;10706
Giselle Bell;6727
Emmett Carroll;63962
Zara Hawkins;34426
Victor Mayo;32162
Aarya Brennan;25754
Curtis Lim;15615
Giavanna Rogers;53826
Colton Hoover;97903
Virginia Miranda;40546
Rory Blankenship;94598
Rosalee Nixon;43616
Cory Quintero;21558
Keyla Hinton;77693
Frankie Hill;46320
Hannah Griffin;19501
Ayden Woodward;78756
Drew Dickerson;5415
Flynn Sandoval;36360
Elsie Pearson;34510
Gunner Beck;21248
Gia Torres;1905
Jayden Hodge;45112
Coraline Charles;37636
Conrad Lester;2661
Averi Cortez;57984
Zayn Mejia;99876
Saylor Dixon;37157
Camden Howard;48432
Sophie Cannon;48519
Archie Moon;52983
Naya McPherson;34723
Foster Bernard;47968
Barbara Stevens;214
Zachary Daniel;64654
Joy Black;41759
Matteo Faulkner;7768
Ansley Mayer;78485
Yahir Wilkinson;45775
Siena Hensley;92403
Layne Zamora;87822
Sierra Zimmerman;49860
Sergio O?Connor;23195
Charli Anderson;50615
Jacob Stevenson;24627
Regina Sanford;12665
Truett Schneider;7391
Delaney Moses;59417
Niklaus Nguyen;48533
Nova Guerra;60796
Leland Nolan;57078
Itzayana Becker;30888
Lawson Gutierrez;52483
Savannah Lin;15345
Conor Logan;76405
Kora Bradshaw;12404
Emory Odom;9540
Laylani Gilbert;59619
Tobias Beasley;68468
Jaylah Melton;88645
Lennon Cardenas;807
Raven Miller;76388
Benjamin McPherson;61348
Emmaline Le;31231
Damien Villanueva;53427
Monroe Kerr;36902
Louie Buck;80031
Livia Murray;24279
Ashton Dillon;70930
Laurel Clayton;45475
Boston Cain;46631
Kendra Burton;45775
Zander Beasley;91340
Jaylah Bates;85473
Ellis Garner;92719
Jacqueline Shaw;49419
Elliot Mercado;59782
Mckinley Barrett;60569
Angelo Koch;69776
Milana Bates;88514
Ellis Preston;66858
Indie Phelps;35025
Hamza Fry;34397
Clarissa Kent;51002
Mekhi McKay;86919
Leanna Wiley;28073
Mathew Lim;32921
Giavanna Dawson;7560
Iker Parks;97760
Ainsley Bowen;53138
Trevor Cunningham;57618
Marley Hale;6226
Ezequiel Hawkins;64536
Ariel Marquez;87277
Malakai Cano;36104
Egypt Strickland;38824
Keegan Barber;71716
Cassidy McBride;98450
Denver Evans;62417
Eliana Dudley;93572
Colter Ross;96169
Peyton Huffman;8485
Chris Hubbard;21153
Rosie Russo;21123
Jamie Russo;51714
Tinsley Hicks;55347
Maddox Massey;62708
Alice Johnson;2576
Bob Smith;8902
Clara Davis;4319
David White;7652
Emma Harris;1987
Frank Brown;5236
Grace Miller;6743
Henry Wilson;9812
Isabella Lee;3415
Jack Turner;5768
Karen Moore;1247
Liam Hall;8934
Megan Clark;6321
Nathan Adams;4501
Olivia Hill;3178
Peter Allen;7956
Quinn Turner;2087
Rachel Bell;6092
Sam Taylor;8576
Taylor Scott;1485
Victor Lewis;7543
Sophia Turner;3629
Benjamin Davis;5231
Ava Smith;9162
Matthew Johnson;1754
Emily Harris;6231
James Wilson;4316
Olivia Brown;7985
Lucas Moore;2176
Sophia Adams;8912
Daniel Taylor;5692
Emma White;3294
Logan Clark;7456
Mia Hill;4169
Ethan Scott;6832
Aria Hall;9021
Jackson Bell;3145
Ava Lewis;6589
Liam Turner;1423
Olivia Turner;5967
Lucas Allen;2819
Sophia Harris;4398
Benjamin Moore;6702
Emily Davis;8102
Daniel Smith;1956
Emma Wilson;8473
Aria Clark;5012
Jackson White;6327
Mia Adams;3489
Ethan Brown;9087
Ava Hall;4758
Logan Taylor;7632
Grace Turner;2145
Henry Lewis;6890
Isabella Moore;3174
Jack Harris;5912
Karen Turner;8365
Liam Davis;1497
Megan Wilson;4926
Nathan Clark;7518
Olivia Smith;3621
Peter Adams;9054
Quinn White;2389
Rachel Brown;6745
Samuel Turner;4502
Taylor Hall;8172
Victor Moore;5892
Sophia Allen;1234
Benjamin Taylor;7890
Ava Davis;5401
Matthew Smith;6821
Emily Turner;4965
James Moore;3176
Olivia Hall;9582
Lucas Clark;2649
Sophia Harris;5087
Daniel Turner;7102
Emma Brown;3297
Ethan Adams;6152
Aria Wilson;8743
